amount_mxn,equity_share,equity_vehicle,spx_scenario,fx_scenario,savings_mxn,savings_net_mxn,equity_mxn,equity_net_mxn,total_net_mxn,total_net_return,is_default_amount
50000,0,Savings only,Bear,n/a,50000,7050.0,0,0.0,7050.0,0.141,no
50000,0,Savings only,Flat,n/a,50000,7050.0,0,0.0,7050.0,0.141,no
50000,0,Savings only,Base,n/a,50000,7050.0,0,0.0,7050.0,0.141,no
50000,0,Savings only,Bull,n/a,50000,7050.0,0,0.0,7050.0,0.141,no
50000,0.1,"S&P 500 via SIC (VOO/IVV, USD exposure)",Bear,Peso +10% (USD/MXN -10%),45000.0,6345.0,5000.0,-1198.26,5146.74,0.10293,no
50000,0.1,"S&P 500 via SIC (VOO/IVV, USD exposure)",Bear,Peso flat,45000.0,6345.0,5000.0,-775.85,5569.15,0.11138,no
50000,0.1,"S&P 500 via SIC (VOO/IVV, USD exposure)",Bear,Peso -10% (USD/MXN +10%),45000.0,6345.0,5000.0,-353.43,5991.57,0.11983,no
50000,0.1,"S&P 500 via SIC (VOO/IVV, USD exposure)",Flat,Peso +10% (USD/MXN -10%),45000.0,6345.0,5000.0,-527.37,5817.63,0.11635,no
50000,0.1,"S&P 500 via SIC (VOO/IVV, USD exposure)",Flat,Peso flat,45000.0,6345.0,5000.0,-30.41,6314.59,0.12629,no
50000,0.1,"S&P 500 via SIC (VOO/IVV, USD exposure)",Flat,Peso -10% (USD/MXN +10%),45000.0,6345.0,5000.0,419.9,6764.9,0.1353,no
50000,0.1,"S&P 500 via SIC (VOO/IVV, USD exposure)",Base,Peso +10% (USD/MXN -10%),45000.0,6345.0,5000.0,-169.56,6175.44,0.12351,no
50000,0.1,"S&P 500 via SIC (VOO/IVV, USD exposure)",Base,Peso flat,45000.0,6345.0,5000.0,330.44,6675.44,0.13351,no
50000,0.1,"S&P 500 via SIC (VOO/IVV, USD exposure)",Base,Peso -10% (USD/MXN +10%),45000.0,6345.0,5000.0,813.49,7158.49,0.14317,no
50000,0.1,"S&P 500 via SIC (VOO/IVV, USD exposure)",Bull,Peso +10% (USD/MXN -10%),45000.0,6345.0,5000.0,330.44,6675.44,0.13351,no
50000,0.1,"S&P 500 via SIC (VOO/IVV, USD exposure)",Bull,Peso flat,45000.0,6345.0,5000.0,867.16,7212.16,0.14424,no
50000,0.1,"S&P 500 via SIC (VOO/IVV, USD exposure)",Bull,Peso -10% (USD/MXN +10%),45000.0,6345.0,5000.0,1403.88,7748.88,0.15498,no
50000,0.1,S&P 500 via IVVPESO (peso hedged),Bear,n/a,45000.0,6345.0,5000.0,-671.62,5673.38,0.11347,no
50000,0.1,S&P 500 via IVVPESO (peso hedged),Flat,n/a,45000.0,6345.0,5000.0,63.35,6408.35,0.12817,no
50000,0.1,S&P 500 via IVVPESO (peso hedged),Base,n/a,45000.0,6345.0,5000.0,419.52,6764.52,0.13529,no
50000,0.1,S&P 500 via IVVPESO (peso hedged),Bull,n/a,45000.0,6345.0,5000.0,953.76,7298.76,0.14598,no
50000,0.25,"S&P 500 via SIC (VOO/IVV, USD exposure)",Bear,Peso +10% (USD/MXN -10%),37500.0,5287.5,12500.0,-2995.65,2291.85,0.04584,no
50000,0.25,"S&P 500 via SIC (VOO/IVV, USD exposure)",Bear,Peso flat,37500.0,5287.5,12500.0,-1939.62,3347.88,0.06696,no
50000,0.25,"S&P 500 via SIC (VOO/IVV, USD exposure)",Bear,Peso -10% (USD/MXN +10%),37500.0,5287.5,12500.0,-883.58,4403.92,0.08808,no
50000,0.25,"S&P 500 via SIC (VOO/IVV, USD exposure)",Flat,Peso +10% (USD/MXN -10%),37500.0,5287.5,12500.0,-1318.42,3969.08,0.07938,no
50000,0.25,"S&P 500 via SIC (VOO/IVV, USD exposure)",Flat,Peso flat,37500.0,5287.5,12500.0,-76.02,5211.48,0.10423,no
50000,0.25,"S&P 500 via SIC (VOO/IVV, USD exposure)",Flat,Peso -10% (USD/MXN +10%),37500.0,5287.5,12500.0,1049.74,6337.24,0.12674,no
50000,0.25,"S&P 500 via SIC (VOO/IVV, USD exposure)",Base,Peso +10% (USD/MXN -10%),37500.0,5287.5,12500.0,-423.89,4863.61,0.09727,no
50000,0.25,"S&P 500 via SIC (VOO/IVV, USD exposure)",Base,Peso flat,37500.0,5287.5,12500.0,826.11,6113.61,0.12227,no
50000,0.25,"S&P 500 via SIC (VOO/IVV, USD exposure)",Base,Peso -10% (USD/MXN +10%),37500.0,5287.5,12500.0,2033.72,7321.22,0.14642,no
50000,0.25,"S&P 500 via SIC (VOO/IVV, USD exposure)",Bull,Peso +10% (USD/MXN -10%),37500.0,5287.5,12500.0,826.11,6113.61,0.12227,no
50000,0.25,"S&P 500 via SIC (VOO/IVV, USD exposure)",Bull,Peso flat,37500.0,5287.5,12500.0,2167.9,7455.4,0.14911,no
50000,0.25,"S&P 500 via SIC (VOO/IVV, USD exposure)",Bull,Peso -10% (USD/MXN +10%),37500.0,5287.5,12500.0,3509.69,8797.19,0.17594,no
50000,0.25,S&P 500 via IVVPESO (peso hedged),Bear,n/a,37500.0,5287.5,12500.0,-1679.04,3608.46,0.07217,no
50000,0.25,S&P 500 via IVVPESO (peso hedged),Flat,n/a,37500.0,5287.5,12500.0,158.39,5445.89,0.10892,no
50000,0.25,S&P 500 via IVVPESO (peso hedged),Base,n/a,37500.0,5287.5,12500.0,1048.8,6336.3,0.12673,no
50000,0.25,S&P 500 via IVVPESO (peso hedged),Bull,n/a,37500.0,5287.5,12500.0,2384.41,7671.91,0.15344,no
50000,0.5,"S&P 500 via SIC (VOO/IVV, USD exposure)",Bear,Peso +10% (USD/MXN -10%),25000.0,3525.0,25000.0,-5991.31,-2466.31,-0.04933,no
50000,0.5,"S&P 500 via SIC (VOO/IVV, USD exposure)",Bear,Peso flat,25000.0,3525.0,25000.0,-3879.23,-354.23,-0.00708,no
50000,0.5,"S&P 500 via SIC (VOO/IVV, USD exposure)",Bear,Peso -10% (USD/MXN +10%),25000.0,3525.0,25000.0,-1767.15,1757.85,0.03516,no
50000,0.5,"S&P 500 via SIC (VOO/IVV, USD exposure)",Flat,Peso +10% (USD/MXN -10%),25000.0,3525.0,25000.0,-2636.83,888.17,0.01776,no
50000,0.5,"S&P 500 via SIC (VOO/IVV, USD exposure)",Flat,Peso flat,25000.0,3525.0,25000.0,-152.04,3372.96,0.06746,no
50000,0.5,"S&P 500 via SIC (VOO/IVV, USD exposure)",Flat,Peso -10% (USD/MXN +10%),25000.0,3525.0,25000.0,2099.48,5624.48,0.11249,no
50000,0.5,"S&P 500 via SIC (VOO/IVV, USD exposure)",Base,Peso +10% (USD/MXN -10%),25000.0,3525.0,25000.0,-847.78,2677.22,0.05354,no
50000,0.5,"S&P 500 via SIC (VOO/IVV, USD exposure)",Base,Peso flat,25000.0,3525.0,25000.0,1652.22,5177.22,0.10354,no
50000,0.5,"S&P 500 via SIC (VOO/IVV, USD exposure)",Base,Peso -10% (USD/MXN +10%),25000.0,3525.0,25000.0,4067.44,7592.44,0.15185,no
50000,0.5,"S&P 500 via SIC (VOO/IVV, USD exposure)",Bull,Peso +10% (USD/MXN -10%),25000.0,3525.0,25000.0,1652.22,5177.22,0.10354,no
50000,0.5,"S&P 500 via SIC (VOO/IVV, USD exposure)",Bull,Peso flat,25000.0,3525.0,25000.0,4335.8,7860.8,0.15722,no
50000,0.5,"S&P 500 via SIC (VOO/IVV, USD exposure)",Bull,Peso -10% (USD/MXN +10%),25000.0,3525.0,25000.0,7019.38,10544.38,0.21089,no
50000,0.5,S&P 500 via IVVPESO (peso hedged),Bear,n/a,25000.0,3525.0,25000.0,-3358.08,166.92,0.00334,no
50000,0.5,S&P 500 via IVVPESO (peso hedged),Flat,n/a,25000.0,3525.0,25000.0,316.77,3841.77,0.07684,no
50000,0.5,S&P 500 via IVVPESO (peso hedged),Base,n/a,25000.0,3525.0,25000.0,2097.59,5622.59,0.11245,no
50000,0.5,S&P 500 via IVVPESO (peso hedged),Bull,n/a,25000.0,3525.0,25000.0,4768.82,8293.82,0.16588,no
100000,0,Savings only,Bear,n/a,100000,14305.0,0,0.0,14305.0,0.14305,no
100000,0,Savings only,Flat,n/a,100000,14305.0,0,0.0,14305.0,0.14305,no
100000,0,Savings only,Base,n/a,100000,14305.0,0,0.0,14305.0,0.14305,no
100000,0,Savings only,Bull,n/a,100000,14305.0,0,0.0,14305.0,0.14305,no
100000,0.1,"S&P 500 via SIC (VOO/IVV, USD exposure)",Bear,Peso +10% (USD/MXN -10%),90000.0,13005.0,10000.0,-2396.52,10608.48,0.10608,no
100000,0.1,"S&P 500 via SIC (VOO/IVV, USD exposure)",Bear,Peso flat,90000.0,13005.0,10000.0,-1551.69,11453.31,0.11453,no
100000,0.1,"S&P 500 via SIC (VOO/IVV, USD exposure)",Bear,Peso -10% (USD/MXN +10%),90000.0,13005.0,10000.0,-706.86,12298.14,0.12298,no
100000,0.1,"S&P 500 via SIC (VOO/IVV, USD exposure)",Flat,Peso +10% (USD/MXN -10%),90000.0,13005.0,10000.0,-1054.73,11950.27,0.1195,no
100000,0.1,"S&P 500 via SIC (VOO/IVV, USD exposure)",Flat,Peso flat,90000.0,13005.0,10000.0,-60.81,12944.19,0.12944,no
100000,0.1,"S&P 500 via SIC (VOO/IVV, USD exposure)",Flat,Peso -10% (USD/MXN +10%),90000.0,13005.0,10000.0,839.79,13844.79,0.13845,no
100000,0.1,"S&P 500 via SIC (VOO/IVV, USD exposure)",Base,Peso +10% (USD/MXN -10%),90000.0,13005.0,10000.0,-339.11,12665.89,0.12666,no
100000,0.1,"S&P 500 via SIC (VOO/IVV, USD exposure)",Base,Peso flat,90000.0,13005.0,10000.0,660.89,13665.89,0.13666,no
100000,0.1,"S&P 500 via SIC (VOO/IVV, USD exposure)",Base,Peso -10% (USD/MXN +10%),90000.0,13005.0,10000.0,1626.98,14631.98,0.14632,no
100000,0.1,"S&P 500 via SIC (VOO/IVV, USD exposure)",Bull,Peso +10% (USD/MXN -10%),90000.0,13005.0,10000.0,660.89,13665.89,0.13666,no
100000,0.1,"S&P 500 via SIC (VOO/IVV, USD exposure)",Bull,Peso flat,90000.0,13005.0,10000.0,1734.32,14739.32,0.14739,no
100000,0.1,"S&P 500 via SIC (VOO/IVV, USD exposure)",Bull,Peso -10% (USD/MXN +10%),90000.0,13005.0,10000.0,2807.75,15812.75,0.15813,no
100000,0.1,S&P 500 via IVVPESO (peso hedged),Bear,n/a,90000.0,13005.0,10000.0,-1343.23,11661.77,0.11662,no
100000,0.1,S&P 500 via IVVPESO (peso hedged),Flat,n/a,90000.0,13005.0,10000.0,126.71,13131.71,0.13132,no
100000,0.1,S&P 500 via IVVPESO (peso hedged),Base,n/a,90000.0,13005.0,10000.0,839.04,13844.04,0.13844,no
100000,0.1,S&P 500 via IVVPESO (peso hedged),Bull,n/a,90000.0,13005.0,10000.0,1907.53,14912.53,0.14913,no
100000,0.25,"S&P 500 via SIC (VOO/IVV, USD exposure)",Bear,Peso +10% (USD/MXN -10%),75000.0,10755.0,25000.0,-5991.31,4763.69,0.04764,no
100000,0.25,"S&P 500 via SIC (VOO/IVV, USD exposure)",Bear,Peso flat,75000.0,10755.0,25000.0,-3879.23,6875.77,0.06876,no
100000,0.25,"S&P 500 via SIC (VOO/IVV, USD exposure)",Bear,Peso -10% (USD/MXN +10%),75000.0,10755.0,25000.0,-1767.15,8987.85,0.08988,no
100000,0.25,"S&P 500 via SIC (VOO/IVV, USD exposure)",Flat,Peso +10% (USD/MXN -10%),75000.0,10755.0,25000.0,-2636.83,8118.17,0.08118,no
100000,0.25,"S&P 500 via SIC (VOO/IVV, USD exposure)",Flat,Peso flat,75000.0,10755.0,25000.0,-152.04,10602.96,0.10603,no
100000,0.25,"S&P 500 via SIC (VOO/IVV, USD exposure)",Flat,Peso -10% (USD/MXN +10%),75000.0,10755.0,25000.0,2099.48,12854.48,0.12854,no
100000,0.25,"S&P 500 via SIC (VOO/IVV, USD exposure)",Base,Peso +10% (USD/MXN -10%),75000.0,10755.0,25000.0,-847.78,9907.22,0.09907,no
100000,0.25,"S&P 500 via SIC (VOO/IVV, USD exposure)",Base,Peso flat,75000.0,10755.0,25000.0,1652.22,12407.22,0.12407,no
100000,0.25,"S&P 500 via SIC (VOO/IVV, USD exposure)",Base,Peso -10% (USD/MXN +10%),75000.0,10755.0,25000.0,4067.44,14822.44,0.14822,no
100000,0.25,"S&P 500 via SIC (VOO/IVV, USD exposure)",Bull,Peso +10% (USD/MXN -10%),75000.0,10755.0,25000.0,1652.22,12407.22,0.12407,no
100000,0.25,"S&P 500 via SIC (VOO/IVV, USD exposure)",Bull,Peso flat,75000.0,10755.0,25000.0,4335.8,15090.8,0.15091,no
100000,0.25,"S&P 500 via SIC (VOO/IVV, USD exposure)",Bull,Peso -10% (USD/MXN +10%),75000.0,10755.0,25000.0,7019.38,17774.38,0.17774,no
100000,0.25,S&P 500 via IVVPESO (peso hedged),Bear,n/a,75000.0,10755.0,25000.0,-3358.08,7396.92,0.07397,no
100000,0.25,S&P 500 via IVVPESO (peso hedged),Flat,n/a,75000.0,10755.0,25000.0,316.77,11071.77,0.11072,no
100000,0.25,S&P 500 via IVVPESO (peso hedged),Base,n/a,75000.0,10755.0,25000.0,2097.59,12852.59,0.12853,no
100000,0.25,S&P 500 via IVVPESO (peso hedged),Bull,n/a,75000.0,10755.0,25000.0,4768.82,15523.82,0.15524,no
100000,0.5,"S&P 500 via SIC (VOO/IVV, USD exposure)",Bear,Peso +10% (USD/MXN -10%),50000.0,7050.0,50000.0,-11982.62,-4932.62,-0.04933,no
100000,0.5,"S&P 500 via SIC (VOO/IVV, USD exposure)",Bear,Peso flat,50000.0,7050.0,50000.0,-7758.46,-708.46,-0.00708,no
100000,0.5,"S&P 500 via SIC (VOO/IVV, USD exposure)",Bear,Peso -10% (USD/MXN +10%),50000.0,7050.0,50000.0,-3534.31,3515.69,0.03516,no
100000,0.5,"S&P 500 via SIC (VOO/IVV, USD exposure)",Flat,Peso +10% (USD/MXN -10%),50000.0,7050.0,50000.0,-5273.67,1776.33,0.01776,no
100000,0.5,"S&P 500 via SIC (VOO/IVV, USD exposure)",Flat,Peso flat,50000.0,7050.0,50000.0,-304.07,6745.93,0.06746,no
100000,0.5,"S&P 500 via SIC (VOO/IVV, USD exposure)",Flat,Peso -10% (USD/MXN +10%),50000.0,7050.0,50000.0,4198.97,11248.97,0.11249,no
100000,0.5,"S&P 500 via SIC (VOO/IVV, USD exposure)",Base,Peso +10% (USD/MXN -10%),50000.0,7050.0,50000.0,-1695.56,5354.44,0.05354,no
100000,0.5,"S&P 500 via SIC (VOO/IVV, USD exposure)",Base,Peso flat,50000.0,7050.0,50000.0,3304.44,10354.44,0.10354,no
100000,0.5,"S&P 500 via SIC (VOO/IVV, USD exposure)",Base,Peso -10% (USD/MXN +10%),50000.0,7050.0,50000.0,8134.88,15184.88,0.15185,no
100000,0.5,"S&P 500 via SIC (VOO/IVV, USD exposure)",Bull,Peso +10% (USD/MXN -10%),50000.0,7050.0,50000.0,3304.44,10354.44,0.10354,no
100000,0.5,"S&P 500 via SIC (VOO/IVV, USD exposure)",Bull,Peso flat,50000.0,7050.0,50000.0,8671.6,15721.6,0.15722,no
100000,0.5,"S&P 500 via SIC (VOO/IVV, USD exposure)",Bull,Peso -10% (USD/MXN +10%),50000.0,7050.0,50000.0,14038.76,21088.76,0.21089,no
100000,0.5,S&P 500 via IVVPESO (peso hedged),Bear,n/a,50000.0,7050.0,50000.0,-6716.15,333.85,0.00334,no
100000,0.5,S&P 500 via IVVPESO (peso hedged),Flat,n/a,50000.0,7050.0,50000.0,633.54,7683.54,0.07684,no
100000,0.5,S&P 500 via IVVPESO (peso hedged),Base,n/a,50000.0,7050.0,50000.0,4195.19,11245.19,0.11245,no
100000,0.5,S&P 500 via IVVPESO (peso hedged),Bull,n/a,50000.0,7050.0,50000.0,9537.65,16587.65,0.16588,no
200000,0,Savings only,Bear,n/a,200000,24890.0,0,0.0,24890.0,0.12445,yes
200000,0,Savings only,Flat,n/a,200000,24890.0,0,0.0,24890.0,0.12445,yes
200000,0,Savings only,Base,n/a,200000,24890.0,0,0.0,24890.0,0.12445,yes
200000,0,Savings only,Bull,n/a,200000,24890.0,0,0.0,24890.0,0.12445,yes
200000,0.1,"S&P 500 via SIC (VOO/IVV, USD exposure)",Bear,Peso +10% (USD/MXN -10%),180000.0,23070.0,20000.0,-4793.05,18276.95,0.09138,yes
200000,0.1,"S&P 500 via SIC (VOO/IVV, USD exposure)",Bear,Peso flat,180000.0,23070.0,20000.0,-3103.39,19966.61,0.09983,yes
200000,0.1,"S&P 500 via SIC (VOO/IVV, USD exposure)",Bear,Peso -10% (USD/MXN +10%),180000.0,23070.0,20000.0,-1413.72,21656.28,0.10828,yes
200000,0.1,"S&P 500 via SIC (VOO/IVV, USD exposure)",Flat,Peso +10% (USD/MXN -10%),180000.0,23070.0,20000.0,-2109.47,20960.53,0.1048,yes
200000,0.1,"S&P 500 via SIC (VOO/IVV, USD exposure)",Flat,Peso flat,180000.0,23070.0,20000.0,-121.63,22948.37,0.11474,yes
200000,0.1,"S&P 500 via SIC (VOO/IVV, USD exposure)",Flat,Peso -10% (USD/MXN +10%),180000.0,23070.0,20000.0,1679.59,24749.59,0.12375,yes
200000,0.1,"S&P 500 via SIC (VOO/IVV, USD exposure)",Base,Peso +10% (USD/MXN -10%),180000.0,23070.0,20000.0,-678.22,22391.78,0.11196,yes
200000,0.1,"S&P 500 via SIC (VOO/IVV, USD exposure)",Base,Peso flat,180000.0,23070.0,20000.0,1321.78,24391.78,0.12196,yes
200000,0.1,"S&P 500 via SIC (VOO/IVV, USD exposure)",Base,Peso -10% (USD/MXN +10%),180000.0,23070.0,20000.0,3253.95,26323.95,0.13162,yes
200000,0.1,"S&P 500 via SIC (VOO/IVV, USD exposure)",Bull,Peso +10% (USD/MXN -10%),180000.0,23070.0,20000.0,1321.78,24391.78,0.12196,yes
200000,0.1,"S&P 500 via SIC (VOO/IVV, USD exposure)",Bull,Peso flat,180000.0,23070.0,20000.0,3468.64,26538.64,0.13269,yes
200000,0.1,"S&P 500 via SIC (VOO/IVV, USD exposure)",Bull,Peso -10% (USD/MXN +10%),180000.0,23070.0,20000.0,5615.5,28685.5,0.14343,yes
200000,0.1,S&P 500 via IVVPESO (peso hedged),Bear,n/a,180000.0,23070.0,20000.0,-2686.46,20383.54,0.10192,yes
200000,0.1,S&P 500 via IVVPESO (peso hedged),Flat,n/a,180000.0,23070.0,20000.0,253.42,23323.42,0.11662,yes
200000,0.1,S&P 500 via IVVPESO (peso hedged),Base,n/a,180000.0,23070.0,20000.0,1678.07,24748.07,0.12374,yes
200000,0.1,S&P 500 via IVVPESO (peso hedged),Bull,n/a,180000.0,23070.0,20000.0,3815.06,26885.06,0.13443,yes
200000,0.25,"S&P 500 via SIC (VOO/IVV, USD exposure)",Bear,Peso +10% (USD/MXN -10%),150000.0,20340.0,50000.0,-11982.62,8357.38,0.04179,yes
200000,0.25,"S&P 500 via SIC (VOO/IVV, USD exposure)",Bear,Peso flat,150000.0,20340.0,50000.0,-7758.46,12581.54,0.06291,yes
200000,0.25,"S&P 500 via SIC (VOO/IVV, USD exposure)",Bear,Peso -10% (USD/MXN +10%),150000.0,20340.0,50000.0,-3534.31,16805.69,0.08403,yes
200000,0.25,"S&P 500 via SIC (VOO/IVV, USD exposure)",Flat,Peso +10% (USD/MXN -10%),150000.0,20340.0,50000.0,-5273.67,15066.33,0.07533,yes
200000,0.25,"S&P 500 via SIC (VOO/IVV, USD exposure)",Flat,Peso flat,150000.0,20340.0,50000.0,-304.07,20035.93,0.10018,yes
200000,0.25,"S&P 500 via SIC (VOO/IVV, USD exposure)",Flat,Peso -10% (USD/MXN +10%),150000.0,20340.0,50000.0,4198.97,24538.97,0.12269,yes
200000,0.25,"S&P 500 via SIC (VOO/IVV, USD exposure)",Base,Peso +10% (USD/MXN -10%),150000.0,20340.0,50000.0,-1695.56,18644.44,0.09322,yes
200000,0.25,"S&P 500 via SIC (VOO/IVV, USD exposure)",Base,Peso flat,150000.0,20340.0,50000.0,3304.44,23644.44,0.11822,yes
200000,0.25,"S&P 500 via SIC (VOO/IVV, USD exposure)",Base,Peso -10% (USD/MXN +10%),150000.0,20340.0,50000.0,8134.88,28474.88,0.14237,yes
200000,0.25,"S&P 500 via SIC (VOO/IVV, USD exposure)",Bull,Peso +10% (USD/MXN -10%),150000.0,20340.0,50000.0,3304.44,23644.44,0.11822,yes
200000,0.25,"S&P 500 via SIC (VOO/IVV, USD exposure)",Bull,Peso flat,150000.0,20340.0,50000.0,8671.6,29011.6,0.14506,yes
200000,0.25,"S&P 500 via SIC (VOO/IVV, USD exposure)",Bull,Peso -10% (USD/MXN +10%),150000.0,20340.0,50000.0,14038.76,34378.76,0.17189,yes
200000,0.25,S&P 500 via IVVPESO (peso hedged),Bear,n/a,150000.0,20340.0,50000.0,-6716.15,13623.85,0.06812,yes
200000,0.25,S&P 500 via IVVPESO (peso hedged),Flat,n/a,150000.0,20340.0,50000.0,633.54,20973.54,0.10487,yes
200000,0.25,S&P 500 via IVVPESO (peso hedged),Base,n/a,150000.0,20340.0,50000.0,4195.19,24535.19,0.12268,yes
200000,0.25,S&P 500 via IVVPESO (peso hedged),Bull,n/a,150000.0,20340.0,50000.0,9537.65,29877.65,0.14939,yes
200000,0.5,"S&P 500 via SIC (VOO/IVV, USD exposure)",Bear,Peso +10% (USD/MXN -10%),100000.0,14305.0,100000.0,-23965.23,-9660.23,-0.0483,yes
200000,0.5,"S&P 500 via SIC (VOO/IVV, USD exposure)",Bear,Peso flat,100000.0,14305.0,100000.0,-15516.93,-1211.93,-0.00606,yes
200000,0.5,"S&P 500 via SIC (VOO/IVV, USD exposure)",Bear,Peso -10% (USD/MXN +10%),100000.0,14305.0,100000.0,-7068.62,7236.38,0.03618,yes
200000,0.5,"S&P 500 via SIC (VOO/IVV, USD exposure)",Flat,Peso +10% (USD/MXN -10%),100000.0,14305.0,100000.0,-10547.33,3757.67,0.01879,yes
200000,0.5,"S&P 500 via SIC (VOO/IVV, USD exposure)",Flat,Peso flat,100000.0,14305.0,100000.0,-608.15,13696.85,0.06848,yes
200000,0.5,"S&P 500 via SIC (VOO/IVV, USD exposure)",Flat,Peso -10% (USD/MXN +10%),100000.0,14305.0,100000.0,8397.93,22702.93,0.11351,yes
200000,0.5,"S&P 500 via SIC (VOO/IVV, USD exposure)",Base,Peso +10% (USD/MXN -10%),100000.0,14305.0,100000.0,-3391.12,10913.88,0.05457,yes
200000,0.5,"S&P 500 via SIC (VOO/IVV, USD exposure)",Base,Peso flat,100000.0,14305.0,100000.0,6608.88,20913.88,0.10457,yes
200000,0.5,"S&P 500 via SIC (VOO/IVV, USD exposure)",Base,Peso -10% (USD/MXN +10%),100000.0,14305.0,100000.0,16269.77,30574.77,0.15287,yes
200000,0.5,"S&P 500 via SIC (VOO/IVV, USD exposure)",Bull,Peso +10% (USD/MXN -10%),100000.0,14305.0,100000.0,6608.88,20913.88,0.10457,yes
200000,0.5,"S&P 500 via SIC (VOO/IVV, USD exposure)",Bull,Peso flat,100000.0,14305.0,100000.0,17343.2,31648.2,0.15824,yes
200000,0.5,"S&P 500 via SIC (VOO/IVV, USD exposure)",Bull,Peso -10% (USD/MXN +10%),100000.0,14305.0,100000.0,28077.52,42382.52,0.21191,yes
200000,0.5,S&P 500 via IVVPESO (peso hedged),Bear,n/a,100000.0,14305.0,100000.0,-13432.3,872.7,0.00436,yes
200000,0.5,S&P 500 via IVVPESO (peso hedged),Flat,n/a,100000.0,14305.0,100000.0,1267.09,15572.09,0.07786,yes
200000,0.5,S&P 500 via IVVPESO (peso hedged),Base,n/a,100000.0,14305.0,100000.0,8390.37,22695.37,0.11348,yes
200000,0.5,S&P 500 via IVVPESO (peso hedged),Bull,n/a,100000.0,14305.0,100000.0,19075.3,33380.3,0.1669,yes
300000,0,Savings only,Bear,n/a,300000,33990.0,0,0.0,33990.0,0.1133,no
300000,0,Savings only,Flat,n/a,300000,33990.0,0,0.0,33990.0,0.1133,no
300000,0,Savings only,Base,n/a,300000,33990.0,0,0.0,33990.0,0.1133,no
300000,0,Savings only,Bull,n/a,300000,33990.0,0,0.0,33990.0,0.1133,no
300000,0.1,"S&P 500 via SIC (VOO/IVV, USD exposure)",Bear,Peso +10% (USD/MXN -10%),270000.0,31260.0,30000.0,-7189.57,24070.43,0.08023,no
300000,0.1,"S&P 500 via SIC (VOO/IVV, USD exposure)",Bear,Peso flat,270000.0,31260.0,30000.0,-4655.08,26604.92,0.08868,no
300000,0.1,"S&P 500 via SIC (VOO/IVV, USD exposure)",Bear,Peso -10% (USD/MXN +10%),270000.0,31260.0,30000.0,-2120.59,29139.41,0.09713,no
300000,0.1,"S&P 500 via SIC (VOO/IVV, USD exposure)",Flat,Peso +10% (USD/MXN -10%),270000.0,31260.0,30000.0,-3164.2,28095.8,0.09365,no
300000,0.1,"S&P 500 via SIC (VOO/IVV, USD exposure)",Flat,Peso flat,270000.0,31260.0,30000.0,-182.44,31077.56,0.10359,no
300000,0.1,"S&P 500 via SIC (VOO/IVV, USD exposure)",Flat,Peso -10% (USD/MXN +10%),270000.0,31260.0,30000.0,2519.38,33779.38,0.1126,no
300000,0.1,"S&P 500 via SIC (VOO/IVV, USD exposure)",Base,Peso +10% (USD/MXN -10%),270000.0,31260.0,30000.0,-1017.34,30242.66,0.10081,no
300000,0.1,"S&P 500 via SIC (VOO/IVV, USD exposure)",Base,Peso flat,270000.0,31260.0,30000.0,1982.66,33242.66,0.11081,no
300000,0.1,"S&P 500 via SIC (VOO/IVV, USD exposure)",Base,Peso -10% (USD/MXN +10%),270000.0,31260.0,30000.0,4880.93,36140.93,0.12047,no
300000,0.1,"S&P 500 via SIC (VOO/IVV, USD exposure)",Bull,Peso +10% (USD/MXN -10%),270000.0,31260.0,30000.0,1982.66,33242.66,0.11081,no
300000,0.1,"S&P 500 via SIC (VOO/IVV, USD exposure)",Bull,Peso flat,270000.0,31260.0,30000.0,5202.96,36462.96,0.12154,no
300000,0.1,"S&P 500 via SIC (VOO/IVV, USD exposure)",Bull,Peso -10% (USD/MXN +10%),270000.0,31260.0,30000.0,8423.26,39683.26,0.13228,no
300000,0.1,S&P 500 via IVVPESO (peso hedged),Bear,n/a,270000.0,31260.0,30000.0,-4029.69,27230.31,0.09077,no
300000,0.1,S&P 500 via IVVPESO (peso hedged),Flat,n/a,270000.0,31260.0,30000.0,380.13,31640.13,0.10547,no
300000,0.1,S&P 500 via IVVPESO (peso hedged),Base,n/a,270000.0,31260.0,30000.0,2517.11,33777.11,0.11259,no
300000,0.1,S&P 500 via IVVPESO (peso hedged),Bull,n/a,270000.0,31260.0,30000.0,5722.59,36982.59,0.12328,no
300000,0.25,"S&P 500 via SIC (VOO/IVV, USD exposure)",Bear,Peso +10% (USD/MXN -10%),225000.0,27165.0,75000.0,-17973.93,9191.07,0.03064,no
300000,0.25,"S&P 500 via SIC (VOO/IVV, USD exposure)",Bear,Peso flat,225000.0,27165.0,75000.0,-11637.7,15527.3,0.05176,no
300000,0.25,"S&P 500 via SIC (VOO/IVV, USD exposure)",Bear,Peso -10% (USD/MXN +10%),225000.0,27165.0,75000.0,-5301.46,21863.54,0.07288,no
300000,0.25,"S&P 500 via SIC (VOO/IVV, USD exposure)",Flat,Peso +10% (USD/MXN -10%),225000.0,27165.0,75000.0,-7910.5,19254.5,0.06418,no
300000,0.25,"S&P 500 via SIC (VOO/IVV, USD exposure)",Flat,Peso flat,225000.0,27165.0,75000.0,-456.11,26708.89,0.08903,no
300000,0.25,"S&P 500 via SIC (VOO/IVV, USD exposure)",Flat,Peso -10% (USD/MXN +10%),225000.0,27165.0,75000.0,6298.45,33463.45,0.11154,no
300000,0.25,"S&P 500 via SIC (VOO/IVV, USD exposure)",Base,Peso +10% (USD/MXN -10%),225000.0,27165.0,75000.0,-2543.34,24621.66,0.08207,no
300000,0.25,"S&P 500 via SIC (VOO/IVV, USD exposure)",Base,Peso flat,225000.0,27165.0,75000.0,4956.66,32121.66,0.10707,no
300000,0.25,"S&P 500 via SIC (VOO/IVV, USD exposure)",Base,Peso -10% (USD/MXN +10%),225000.0,27165.0,75000.0,12202.33,39367.33,0.13122,no
300000,0.25,"S&P 500 via SIC (VOO/IVV, USD exposure)",Bull,Peso +10% (USD/MXN -10%),225000.0,27165.0,75000.0,4956.66,32121.66,0.10707,no
300000,0.25,"S&P 500 via SIC (VOO/IVV, USD exposure)",Bull,Peso flat,225000.0,27165.0,75000.0,13007.4,40172.4,0.13391,no
300000,0.25,"S&P 500 via SIC (VOO/IVV, USD exposure)",Bull,Peso -10% (USD/MXN +10%),225000.0,27165.0,75000.0,21058.14,48223.14,0.16074,no
300000,0.25,S&P 500 via IVVPESO (peso hedged),Bear,n/a,225000.0,27165.0,75000.0,-10074.23,17090.77,0.05697,no
300000,0.25,S&P 500 via IVVPESO (peso hedged),Flat,n/a,225000.0,27165.0,75000.0,950.31,28115.31,0.09372,no
300000,0.25,S&P 500 via IVVPESO (peso hedged),Base,n/a,225000.0,27165.0,75000.0,6292.78,33457.78,0.11153,no
300000,0.25,S&P 500 via IVVPESO (peso hedged),Bull,n/a,225000.0,27165.0,75000.0,14306.47,41471.47,0.13824,no
300000,0.5,"S&P 500 via SIC (VOO/IVV, USD exposure)",Bear,Peso +10% (USD/MXN -10%),150000.0,20340.0,150000.0,-35947.85,-15607.85,-0.05203,no
300000,0.5,"S&P 500 via SIC (VOO/IVV, USD exposure)",Bear,Peso flat,150000.0,20340.0,150000.0,-23275.39,-2935.39,-0.00978,no
300000,0.5,"S&P 500 via SIC (VOO/IVV, USD exposure)",Bear,Peso -10% (USD/MXN +10%),150000.0,20340.0,150000.0,-10602.93,9737.07,0.03246,no
300000,0.5,"S&P 500 via SIC (VOO/IVV, USD exposure)",Flat,Peso +10% (USD/MXN -10%),150000.0,20340.0,150000.0,-15821.0,4519.0,0.01506,no
300000,0.5,"S&P 500 via SIC (VOO/IVV, USD exposure)",Flat,Peso flat,150000.0,20340.0,150000.0,-912.22,19427.78,0.06476,no
300000,0.5,"S&P 500 via SIC (VOO/IVV, USD exposure)",Flat,Peso -10% (USD/MXN +10%),150000.0,20340.0,150000.0,12596.9,32936.9,0.10979,no
300000,0.5,"S&P 500 via SIC (VOO/IVV, USD exposure)",Base,Peso +10% (USD/MXN -10%),150000.0,20340.0,150000.0,-5086.68,15253.32,0.05084,no
300000,0.5,"S&P 500 via SIC (VOO/IVV, USD exposure)",Base,Peso flat,150000.0,20340.0,150000.0,9913.32,30253.32,0.10084,no
300000,0.5,"S&P 500 via SIC (VOO/IVV, USD exposure)",Base,Peso -10% (USD/MXN +10%),150000.0,20340.0,150000.0,24404.65,44744.65,0.14915,no
300000,0.5,"S&P 500 via SIC (VOO/IVV, USD exposure)",Bull,Peso +10% (USD/MXN -10%),150000.0,20340.0,150000.0,9913.32,30253.32,0.10084,no
300000,0.5,"S&P 500 via SIC (VOO/IVV, USD exposure)",Bull,Peso flat,150000.0,20340.0,150000.0,26014.8,46354.8,0.15452,no
300000,0.5,"S&P 500 via SIC (VOO/IVV, USD exposure)",Bull,Peso -10% (USD/MXN +10%),150000.0,20340.0,150000.0,42116.28,62456.28,0.20819,no
300000,0.5,S&P 500 via IVVPESO (peso hedged),Bear,n/a,150000.0,20340.0,150000.0,-20148.45,191.55,0.00064,no
300000,0.5,S&P 500 via IVVPESO (peso hedged),Flat,n/a,150000.0,20340.0,150000.0,1900.63,22240.63,0.07414,no
300000,0.5,S&P 500 via IVVPESO (peso hedged),Base,n/a,150000.0,20340.0,150000.0,12585.56,32925.56,0.10975,no
300000,0.5,S&P 500 via IVVPESO (peso hedged),Bull,n/a,150000.0,20340.0,150000.0,28612.95,48952.95,0.16318,no
500000,0,Savings only,Bear,n/a,500000,52190.0,0,0.0,52190.0,0.10438,no
500000,0,Savings only,Flat,n/a,500000,52190.0,0,0.0,52190.0,0.10438,no
500000,0,Savings only,Base,n/a,500000,52190.0,0,0.0,52190.0,0.10438,no
500000,0,Savings only,Bull,n/a,500000,52190.0,0,0.0,52190.0,0.10438,no
500000,0.1,"S&P 500 via SIC (VOO/IVV, USD exposure)",Bear,Peso +10% (USD/MXN -10%),450000.0,47640.0,50000.0,-11982.62,35657.38,0.07131,no
500000,0.1,"S&P 500 via SIC (VOO/IVV, USD exposure)",Bear,Peso flat,450000.0,47640.0,50000.0,-7758.46,39881.54,0.07976,no
500000,0.1,"S&P 500 via SIC (VOO/IVV, USD exposure)",Bear,Peso -10% (USD/MXN +10%),450000.0,47640.0,50000.0,-3534.31,44105.69,0.08821,no
500000,0.1,"S&P 500 via SIC (VOO/IVV, USD exposure)",Flat,Peso +10% (USD/MXN -10%),450000.0,47640.0,50000.0,-5273.67,42366.33,0.08473,no
500000,0.1,"S&P 500 via SIC (VOO/IVV, USD exposure)",Flat,Peso flat,450000.0,47640.0,50000.0,-304.07,47335.93,0.09467,no
500000,0.1,"S&P 500 via SIC (VOO/IVV, USD exposure)",Flat,Peso -10% (USD/MXN +10%),450000.0,47640.0,50000.0,4198.97,51838.97,0.10368,no
500000,0.1,"S&P 500 via SIC (VOO/IVV, USD exposure)",Base,Peso +10% (USD/MXN -10%),450000.0,47640.0,50000.0,-1695.56,45944.44,0.09189,no
500000,0.1,"S&P 500 via SIC (VOO/IVV, USD exposure)",Base,Peso flat,450000.0,47640.0,50000.0,3304.44,50944.44,0.10189,no
500000,0.1,"S&P 500 via SIC (VOO/IVV, USD exposure)",Base,Peso -10% (USD/MXN +10%),450000.0,47640.0,50000.0,8134.88,55774.88,0.11155,no
500000,0.1,"S&P 500 via SIC (VOO/IVV, USD exposure)",Bull,Peso +10% (USD/MXN -10%),450000.0,47640.0,50000.0,3304.44,50944.44,0.10189,no
500000,0.1,"S&P 500 via SIC (VOO/IVV, USD exposure)",Bull,Peso flat,450000.0,47640.0,50000.0,8671.6,56311.6,0.11262,no
500000,0.1,"S&P 500 via SIC (VOO/IVV, USD exposure)",Bull,Peso -10% (USD/MXN +10%),450000.0,47640.0,50000.0,14038.76,61678.76,0.12336,no
500000,0.1,S&P 500 via IVVPESO (peso hedged),Bear,n/a,450000.0,47640.0,50000.0,-6716.15,40923.85,0.08185,no
500000,0.1,S&P 500 via IVVPESO (peso hedged),Flat,n/a,450000.0,47640.0,50000.0,633.54,48273.54,0.09655,no
500000,0.1,S&P 500 via IVVPESO (peso hedged),Base,n/a,450000.0,47640.0,50000.0,4195.19,51835.19,0.10367,no
500000,0.1,S&P 500 via IVVPESO (peso hedged),Bull,n/a,450000.0,47640.0,50000.0,9537.65,57177.65,0.11436,no
500000,0.25,"S&P 500 via SIC (VOO/IVV, USD exposure)",Bear,Peso +10% (USD/MXN -10%),375000.0,40815.0,125000.0,-29956.54,10858.46,0.02172,no
500000,0.25,"S&P 500 via SIC (VOO/IVV, USD exposure)",Bear,Peso flat,375000.0,40815.0,125000.0,-19396.16,21418.84,0.04284,no
500000,0.25,"S&P 500 via SIC (VOO/IVV, USD exposure)",Bear,Peso -10% (USD/MXN +10%),375000.0,40815.0,125000.0,-8835.77,31979.23,0.06396,no
500000,0.25,"S&P 500 via SIC (VOO/IVV, USD exposure)",Flat,Peso +10% (USD/MXN -10%),375000.0,40815.0,125000.0,-13184.17,27630.83,0.05526,no
500000,0.25,"S&P 500 via SIC (VOO/IVV, USD exposure)",Flat,Peso flat,375000.0,40815.0,125000.0,-760.19,40054.81,0.08011,no
500000,0.25,"S&P 500 via SIC (VOO/IVV, USD exposure)",Flat,Peso -10% (USD/MXN +10%),375000.0,40815.0,125000.0,10497.42,51312.42,0.10262,no
500000,0.25,"S&P 500 via SIC (VOO/IVV, USD exposure)",Base,Peso +10% (USD/MXN -10%),375000.0,40815.0,125000.0,-4238.9,36576.1,0.07315,no
500000,0.25,"S&P 500 via SIC (VOO/IVV, USD exposure)",Base,Peso flat,375000.0,40815.0,125000.0,8261.1,49076.1,0.09815,no
500000,0.25,"S&P 500 via SIC (VOO/IVV, USD exposure)",Base,Peso -10% (USD/MXN +10%),375000.0,40815.0,125000.0,20337.21,61152.21,0.1223,no
500000,0.25,"S&P 500 via SIC (VOO/IVV, USD exposure)",Bull,Peso +10% (USD/MXN -10%),375000.0,40815.0,125000.0,8261.1,49076.1,0.09815,no
500000,0.25,"S&P 500 via SIC (VOO/IVV, USD exposure)",Bull,Peso flat,375000.0,40815.0,125000.0,21679.0,62494.0,0.12499,no
500000,0.25,"S&P 500 via SIC (VOO/IVV, USD exposure)",Bull,Peso -10% (USD/MXN +10%),375000.0,40815.0,125000.0,35096.9,75911.9,0.15182,no
500000,0.25,S&P 500 via IVVPESO (peso hedged),Bear,n/a,375000.0,40815.0,125000.0,-16790.38,24024.62,0.04805,no
500000,0.25,S&P 500 via IVVPESO (peso hedged),Flat,n/a,375000.0,40815.0,125000.0,1583.86,42398.86,0.0848,no
500000,0.25,S&P 500 via IVVPESO (peso hedged),Base,n/a,375000.0,40815.0,125000.0,10487.96,51302.96,0.10261,no
500000,0.25,S&P 500 via IVVPESO (peso hedged),Bull,n/a,375000.0,40815.0,125000.0,23844.12,64659.12,0.12932,no
500000,0.5,"S&P 500 via SIC (VOO/IVV, USD exposure)",Bear,Peso +10% (USD/MXN -10%),250000.0,29440.0,250000.0,-59913.09,-30473.09,-0.06095,no
500000,0.5,"S&P 500 via SIC (VOO/IVV, USD exposure)",Bear,Peso flat,250000.0,29440.0,250000.0,-38792.32,-9352.32,-0.0187,no
500000,0.5,"S&P 500 via SIC (VOO/IVV, USD exposure)",Bear,Peso -10% (USD/MXN +10%),250000.0,29440.0,250000.0,-17671.55,11768.45,0.02354,no
500000,0.5,"S&P 500 via SIC (VOO/IVV, USD exposure)",Flat,Peso +10% (USD/MXN -10%),250000.0,29440.0,250000.0,-26368.34,3071.66,0.00614,no
500000,0.5,"S&P 500 via SIC (VOO/IVV, USD exposure)",Flat,Peso flat,250000.0,29440.0,250000.0,-1520.37,27919.63,0.05584,no
500000,0.5,"S&P 500 via SIC (VOO/IVV, USD exposure)",Flat,Peso -10% (USD/MXN +10%),250000.0,29440.0,250000.0,20994.83,50434.83,0.10087,no
500000,0.5,"S&P 500 via SIC (VOO/IVV, USD exposure)",Base,Peso +10% (USD/MXN -10%),250000.0,29440.0,250000.0,-8477.8,20962.2,0.04192,no
500000,0.5,"S&P 500 via SIC (VOO/IVV, USD exposure)",Base,Peso flat,250000.0,29440.0,250000.0,16522.2,45962.2,0.09192,no
500000,0.5,"S&P 500 via SIC (VOO/IVV, USD exposure)",Base,Peso -10% (USD/MXN +10%),250000.0,29440.0,250000.0,40674.42,70114.42,0.14023,no
500000,0.5,"S&P 500 via SIC (VOO/IVV, USD exposure)",Bull,Peso +10% (USD/MXN -10%),250000.0,29440.0,250000.0,16522.2,45962.2,0.09192,no
500000,0.5,"S&P 500 via SIC (VOO/IVV, USD exposure)",Bull,Peso flat,250000.0,29440.0,250000.0,43358.0,72798.0,0.1456,no
500000,0.5,"S&P 500 via SIC (VOO/IVV, USD exposure)",Bull,Peso -10% (USD/MXN +10%),250000.0,29440.0,250000.0,70193.8,99633.8,0.19927,no
500000,0.5,S&P 500 via IVVPESO (peso hedged),Bear,n/a,250000.0,29440.0,250000.0,-33580.76,-4140.76,-0.00828,no
500000,0.5,S&P 500 via IVVPESO (peso hedged),Flat,n/a,250000.0,29440.0,250000.0,3167.72,32607.72,0.06522,no
500000,0.5,S&P 500 via IVVPESO (peso hedged),Base,n/a,250000.0,29440.0,250000.0,20975.93,50415.93,0.10083,no
500000,0.5,S&P 500 via IVVPESO (peso hedged),Bull,n/a,250000.0,29440.0,250000.0,47688.25,77128.25,0.15426,no
